Sender Email,Subject,Body,Attachment Text,Image Text,OpenAI Response
sivakumar.thiyagarajan@outlook.com,Re: Request on my Loan account,"Hi Team,




Please ignore my previous request instead I would like to process an inbound principal payment of $1202 for loan XXXXXXXX1970. Let me know if further details are required.

Thank you.

Best regards,

USERC







From: Sivakumar Thiyagarajan
Sent: Wednesday, March 26, 2025 06:51
To: lalitha.becse@gmail.com
Subject: Request on my Loan account 




Hi Team,

I would like to close my loan account XXXXXXXXX1970 and request a breakdown of any reallocation fees applicable. Please provide the necessary steps for closure.

Thank you.

Best regards,
USERC",,,"{
    ""Category"": [
        {
            ""Request Type"": ""Money Movement - Inbound"",
            ""Sub Request Type"": ""Principal""
        },
        {
            ""Request Type"": ""Closing Notice"",
            ""Sub Request Type"": ""Reallocation Fees""
        }
    ],
    ""Deal Name"": ""Loan account XXXXXXXX1970"",
    ""Amount"": ""$1202"",
    ""Expiration Date"": ""N/A"",
    ""Reasoning"": ""The primary financial action mentioned in the email is an inbound principal payment of $1202 for the loan account XXXXXXXX1970, indicating a Money Movement - Inbound request. The request to close the loan account and inquire about reallocation fees falls under Closing Notice with the specific sub request of Reallocation Fees.""
}"
lalitha.becse@gmail.com,Request,"Hi Team,




Effective from 10-Nov-2023, UserA has elected to repay under SOFR(US) Term option, a total of USD 20,000,000.00.




Previous Global principal balance: USD 45,000,000.00

New Global principal balance: USD 25,000,000.00




This loan was effective 20-Jul-2023 and is scheduled to reprice on 20-Nov-2023.




Your share of the USD 20000000 SOFR(US) Term option payment is USD 1,411,764.71.

New Lender Share Principal Balance: USD 1,764,705.88.







We will remit USD 1,411,764.71 on the effective date. Please note that (i) if the Borrower has not in fact made such payment; or (ii) any payment you receive is in excess of what was paid by the Borrower or (iii)we notify you that the payment was errorneously
 made, then pursuant to the provisions of the credit facility, you agree to return such payment.




ABA Number: XXXXXX48

Account No: XXXXXXXXXXXXX720




Reference: SOFR(US) Term Principal Payment




Regards,

XXXX",,,"{
    ""Category"": [
        {
            ""Request Type"": ""Money Movement - Outbound"",
            ""Sub Request Type"": ""Principal""
        },
        {
            ""Request Type"": ""Adjustment"",
            ""Sub Request Type"": ""Reallocation Principal""
        }
    ],
    ""Deal Name"": ""SOFR(US) Term"",
    ""Amount"": ""USD 1,411,764.71"",
    ""Expiration Date"": ""20-Nov-2023"",
    ""Reasoning"": ""The email primarily focuses on the outbound money movement of USD 1,411,764.71 as part of the SOFR(US) Term principal payment. Additionally, there is an adjustment related to reallocation of principal balances mentioned, making it fit into the Adjustment category.""
}"
